Date,PLTR,CSIQ,WMT,INTC,XOM
10/01/20,9.46,36.349998,136.585449,47.513191,28.344952
10/02/20,9.2,35.900002,134.122559,46.394485,28.216616
10/05/20,9.03,38.25,135.363586,47.012951,28.86685
10/06/20,9.9,38.919998,134.246643,46.721905,28.5674
10/07/20,10,40.779999,134.494858,47.904278,28.661514
10/08/20,10,39.48,134.943542,48.540943,30.167315
10/09/20,9.95,41.619999,136.299042,48.040707,29.722422
10/12/20,9.89,37.849998,137.702316,49.004799,29.628305
10/13/20,9.47,39.240002,139.592468,48.959316,29.277525
10/14/20,9.34,39.700001,137.406403,48.704655,29.217634
10/15/20,9.91,38.91,137.96962,48.977509,29.4743
10/16/20,9.71,37.970001,138.141479,49.259464,29.174852
10/19/20,9.57,39.459999,136.461349,49.641464,28.593065
10/20/20,9.27,44.119999,137.36821,48.59552,28.832628
10/21/20,9.2,39.509998,137.84552,48.65918,28.370617
10/22/20,9.68,39.900002,137.034134,49.02298,29.825085
10/23/20,9.49,40.369999,137.320526,43.838734,29.226187
10/26/20,9.95,38.740002,135.707214,42.492653,28.53318
10/27/20,10.95,38.009998,136.384964,41.510376,28.079727
10/28/20,10.85,37.990002,133.683441,40.24614,27.010267
10/29/20,10.75,37.68,133.568848,40.118809,28.208061
10/30/20,10.13,36.349998,132.451981,40.27343,27.908611
11/02/20,10.54,36.959999,134.027084,40.437138,29.080744
11/03/20,10.5,36.73,136.299042,40.791859,28.584511
11/04/20,10.72,35.700001,135.516312,41.564945,28.430513
11/05/20,11.88,39.970001,136.957733,41.848946,28.379173
11/06/20,13.83,39.849998,139.153351,41.583267,28.045506
11/09/20,14.67,39.32,137.024536,41.77565,31.596107
11/10/20,14,38.93,138.952866,41.62907,32.297077
11/11/20,15.96,40.509998,141.263016,42.462753,31.964121
11/12/20,14.58,39.419998,141.501663,41.180172,30.868853
11/13/20,15.8,38.830002,143.706833,41.647396,31.613634
11/16/20,15.93,38.73,145.520584,42.316166,33.436153
11/17/20,17.85,39.689999,142.589935,41.711525,33.883011
11/18/20,17.9,38.720001,142.322632,41.280937,32.603748
11/19/20,18.98,37.16,145.215103,41.793983,32.770233
11/20/20,18.15,38.43,143.420456,41.583267,32.367176
11/23/20,21.040001,39.830002,144.079117,42.197079,34.487598
11/24/20,23.82,40.619999,144.489609,43.067398,36.783276
11/25/20,29.049999,42.900002,144.938263,43.104042,35.758099
11/27/20,27.66,44.169998,144.718719,43.470497,35.214848
11/30/20,27.110001,42.759998,145.854691,44.295013,33.409859
12/01/20,25.67,41.98,145.711517,45.403538,33.734058
12/02/20,22.51,41.900002,143.687729,45.715031,34.995796
12/03/20,24.030001,40.439999,142.523117,46.713608,35.232376
12/04/20,23.85,40.529999,142.150818,47.629742,36.520401
12/07/20,28.940001,39.709999,141.387131,45.989868,35.836964
12/08/20,28.59,39.959999,142.66629,46.438763,37.011082
12/09/20,26.629999,37.529999,141.539871,45.870773,37.501755
12/10/20,27.040001,38.009998,140.878769,46.04483,38.561977
12/11/20,27.200001,37.950001,140.840454,45.559284,38.377968
12/14/20,27.24,38.650002,139.547028,46.237217,36.993557
12/15/20,26.43,43.02,139.479965,46.420456,37.712048
12/16/20,25.92,42.099998,139.336258,46.832703,38.290348
12/17/20,27.23,41.360001,139.978165,46.402119,38.09758
12/18/20,25.969999,45.02,139.834457,43.479668,37.44043
12/21/20,28.51,47.98,139.853622,42.47192,36.756985
12/22/20,28.040001,53.16,138.157791,42.297844,36.134872
12/23/20,28.690001,52.93,137.218826,42.664303,36.599262
12/24/20,27.75,52.709999,137.487106,43.122372,36.45031
12/28/20,25.629999,51.259998,139.135025,43.122372,36.572979
12/29/20,24.66,49.509998,138.253601,45.247791,36.161156
12/30/20,25.1,50.68,138.138611,44.661465,36.45031
12/31/20,23.549999,51.240002,138.109879,45.641731,36.117344
01/04/21,23.370001,52.639999,140.390137,45.504314,36.362694
01/05/21,24.6,50.52,139.642838,46.365482,38.115105
01/06/21,23.540001,54.310001,140.514709,46.814384,39.087696
01/07/21,25,56.610001,140.505142,47.812965,39.394371
01/08/21,25.200001,56.07,140.485947,47.318253,39.832474
01/11/21,25.93,56.200001,141.118286,47.217487,41.041645
01/12/21,26.18,55.98,142.72789,48.77491,41.952911
01/13/21,25.5,54.450001,141.271576,52.173763,42.426056
01/14/21,24.92,55.619999,140.811707,54.280872,44.082085
01/15/21,25.639999,51.27,138.57933,52.750923,41.961666
01/19/21,26.620001,55.029999,137.381729,53.126545,42.794064
01/20/21,26.34,57.220001,139.412888,53.749508,43.398643
01/21/21,25.98,64.150002,138.780563,57.221653,42.154434
01/22/21,32.580002,63,140.198532,51.908085,41.558613
01/25/21,36.23,60.57,140.073975,50.790398,41.094223
01/26/21,35.369999,60.459999,141.329086,50.579689,40.191719
01/27/21,39,58.900002,137.812866,49.095551,39.736088
01/28/21,35.66,57.48,137.726608,51.367565,40.358204
01/29/21,35.18,54.75,134.603226,50.854527,39.28923
02/01/21,33.959999,55.849998,133.434357,51.935566,39.359322
02/02/21,31.02,57.77,134.871506,53.135708,39.981441
02/03/21,31.76,59.209999,135.283478,52.842541,41.549843
02/04/21,32.049999,58.169998,136.557739,54.186359,42.347202
02/05/21,34.049999,57.880001,138.311066,53.62413,43.766663
02/08/21,36.049999,59.5,138.952988,54.52739,45.650509
02/09/21,38.169998,60.73,139.719467,54.177151,45.11586
02/10/21,35.700001,60.75,138.090714,54.250885,45.55249
02/11/21,33.110001,61.23,137.985306,55.909931,44.411892
02/12/21,31.91,60.470001,138.416473,56.969887,45.017838
02/16/21,27.84,57.880001,139.556595,57.578201,46.372288
02/17/21,27.08,55.82,141.032074,57.006752,47.094074
02/18/21,25.17,52.009998,131.891815,56.785538,46.354469
02/19/21,29,52.779999,132.543304,58.075916,46.666348
02/22/21,28,48.040001,131.920532,55.956009,48.38615
02/23/21,26.75,46.349998,129.793594,56.333912,49.054466
02/24/21,26.389999,48.759998,127.628304,58.241814,50.524769
02/25/21,23.959999,45.619999,126.421059,55.670296,49.687141
02/26/21,23.9,46.93,124.476135,56.020535,48.448536
03/01/21,24.809999,49.59,125.865364,57.956097,50.257435
03/02/21,24.48,47.939999,124.658165,56.444519,49.963375
03/03/21,23.59,43.419998,122.243759,55.20945,50.364365
03/04/21,24.73,41.459999,122.186272,53.762383,52.315853
03/05/21,23.950001,40.580002,123.709648,55.983669,54.294075
03/08/21,22.52,39.610001,122.521614,55.163361,54.240604
03/09/21,24.26,43.93,123.489296,57.762535,53.402988
03/10/21,24.75,43.32,126.641426,57.375427,55.042583
03/11/21,26.73,46.950001,126.593513,58.352425,54.63269
03/12/21,26.92,45.98,128.500153,57.974529,55.220802
03/15/21,26.790001,44.84,127.839066,58.794834,53.812889
03/16/21,25.610001,42.52,127.800728,59.70731,52.672291
03/17/21,25.209999,41.400002,126.737236,60.629009,52.903976
03/18/21,23.98,42.860001,125.08242,58.739529,50.622787
03/19/21,24.32,45.43,126.74688,58.767185,50.337643
03/22/21,24.219999,48.799999,127.352989,60.490749,49.820805
03/23/21,23.26,47.419998,128.863495,58.509106,49.205956
03/24/21,21.879999,44.990002,128.064957,57.181873,50.203972
03/25/21,22.58,44.43,128.930817,57.163433,50.061398
03/26/21,22.58,46.84,130.008392,59.790264,51.424767
03/29/21,21.73,45.080002,131.48999,59.449238,51.148533
03/30/21,22.040001,48.869999,130.595276,58.776405,50.515854
03/31/21,23.290001,49.630001,130.68187,58.988388,49.749516
04/01/21,23.07,48.509998,130.479813,59.495323,51.139614
04/05/21,23.440001,46.419998,134.145401,61.329487,50.346546
04/06/21,23.27,47.75,134.790009,60.426224,50.203972
04/07/21,22.9,45.720001,134.501389,61.062199,50.426739
04/08/21,23.41,44.82,134.41478,61.799564,49.900997
04/09/21,24.040001,43.369999,134.482147,62.914803,49.785156
04/12/21,23.34,43.27,134.501389,60.287983,49.45546
04/13/21,25.42,43.540001,134.087677,60.112854,49.642593
04/14/21,23.700001,42.66,134.039581,59.163513,51.077236
04/15/21,23.15,42.709999,134.847733,59.92852,50.774273
04/16/21,22.469999,44.110001,135.28067,59.679672,50.489117
04/19/21,21.940001,42.59,134.41478,58.647366,50.328728
04/20/21,21.780001,42.91,135.453857,57.790199,49.268333
04/21/21,22.629999,44.5,135.848312,58.711884,49.900997
04/22/21,22.860001,44.82,134.376312,57.670368,49.250504
04/23/21,23.41,45.75,134.597565,54.601128,49.51783
04/26/21,24.110001,46.259998,132.683029,54.158714,49.615852
04/27/21,23.879999,45.57,133.135178,53.430576,50.266346
04/28/21,23.85,44.009998,132.663788,53.10799,51.781204
04/29/21,23.370001,42.889999,134.33783,53.716301,52.520802
04/30/21,23.040001,41.240002,134.607208,53.025028,51.005962
05/03/21,22.299999,41.330002,136.733444,52.776169,52.413872
05/04/21,21.639999,39.200001,135.386505,52.444363,52.743576
05/05/21,21.15,39.009998,135.271057,52.398281,54.32972
05/06/21,20.09,39.200001,136.236938,53.036308,54.84655
05/07/21,19.75,39.630001,135.415924,53.481449,55.630707
05/10/21,18.469999,37.380001,136.014786,51.904926,55.76437
05/11/21,20.209999,38.110001,134.788116,51.042473,53.991112
05/12/21,18.889999,35.549999,131.3013,49.725597,54.280407
05/13/21,18.370001,35.25,133.522827,50.087273,53.611397
05/14/21,20.08,36.619999,134.759171,51.329952,54.94038
05/17/21,20.459999,36.099998,134.150635,51.311409,56.224155
05/18/21,21.24,36.209999,137.067566,50.856991,54.632992
05/19/21,20.67,36.959999,137.077271,51.339233,53.322098
05/20/21,20.610001,39.290001,137.560181,51.886375,53.195526
05/21/21,20.75,39.049999,136.913025,52.006935,53.267849
05/24/21,21.219999,38.41,136.922714,52.823021,53.891655
05/25/21,21.48,38.18,137.48291,52.739548,52.671162
05/26/21,22.120001,41,137.31871,52.785919,53.285927
05/27/21,22.700001,39.610001,136.855103,53.537094,52.942383
05/28/21,22.950001,39.580002,137.183472,52.971394,52.770607
06/01/21,23.059999,40.119999,136.826126,52.758106,54.660114
06/02/21,24.450001,39.77,136.526672,53.305256,55.094063
06/03/21,23.629999,38.240002,136.768173,52.155315,55.311054
06/04/21,24.030001,38.830002,137.009628,53.203243,55.555153
06/07/21,24.459999,37.849998,136.092026,52.943581,55.19352
06/08/21,24.379999,39.169998,135.058594,52.860111,56.169914
06/09/21,24.17,38.59,134.334152,52.860111,56.640034
06/10/21,24.139999,39.900002,135.106857,53.212509,56.730438
06/11/21,24.67,40.27,135.947174,53.648384,56.206078
06/14/21,25,40.25,135.763672,53.963688,56.115665
06/15/21,24.41,38.139999,135.222778,53.778214,58.158875
06/16/21,24.799999,37.810001,132.470016,53.064137,57.950939
06/17/21,25.450001,39.43,133.020569,53.027039,56.043343
06/18/21,25.370001,39.389999,130.557556,51.626713,54.605873
06/21/21,25.42,38.34,131.745605,51.812183,56.585789
06/22/21,25.4,37.950001,132.354111,51.812183,57.670677
06/23/21,26.27,38.720001,131.320633,51.246494,58.095585
06/24/21,26.530001,38.689999,132.238205,51.997662,58.330643
06/25/21,26.780001,40.43,133.802933,51.849281,58.457218
06/28/21,27.379999,45.5,133.387619,53.305256,56.965492
06/29/21,26.629999,47.119999,132.614883,52.628277,56.612907
06/30/21,26.360001,44.84,136.207977,52.062576,57.028778
07/01/21,24.719999,43.639999,134.565979,51.942017,57.191513
07/02/21,24.440001,43.080002,135.329025,52.637543,57.110142
07/06/21,24.68,43.740002,135.164825,52.016205,55.482819
07/07/21,22.889999,43.049999,134.942657,51.895645,54.614918
07/08/21,23.08,41.299999,134.826752,51.36705,54.370808
07/09/21,23.290001,40.810001,135.512543,51.92347,55.356251
07/12/21,22.950001,43.09,135.271042,52.609722,55.302006
07/13/21,22.450001,42.040001,135.782974,52.739548,55.039822
07/14/21,21.559999,39.610001,136.719894,52.414978,53.819324
07/15/21,21.469999,38.669998,136.826126,51.75655,53.294971
07/16/21,21.370001,37.639999,136.729538,50.977551,51.821331
07/19/21,21.540001,37.75,136.410782,50.671516,50.04031
07/20/21,22.18,38.200001,137.028946,51.227943,50.591797
07/21/21,22.52,40.009998,136.352829,52.146038,52.219124
07/22/21,22.07,39.68,136.449448,51.895645,51.631485
07/23/21,21.809999,39.02,137.569855,49.150631,51.568203
07/26/21,22.129999,38.060001,137.763016,50.36549,52.870052
07/27/21,21.68,38.310001,137.77269,49.317554,52.282417
07/28/21,22.559999,40.02,137.212463,49.215549,52.634998
07/29/21,22.18,40.709999,137.386337,49.799793,53.276886
07/30/21,21.709999,40.25,137.685745,49.81834,52.047348
08/02/21,22.1,39.869999,137.367004,49.781242,52.056396
08/03/21,22.24,41.599998,138.912415,50.133648,52.616917
08/04/21,22.299999,41.41,137.965836,49.985268,51.387379
08/05/21,22.52,40.060001,140.525436,50.300751,51.712849
08/06/21,21.82,40.009998,140.274323,50.328754,52.309528
08/09/21,22.93,40.849998,140.612366,50.450096,51.712849
08/10/21,22.92,42,143.606567,50.34742,52.598843
08/11/21,22.35,41.48,144.891174,50.5341,52.752522
08/12/21,24.889999,41.599998,144.503387,49.97406,52.633217
08/13/21,24.9,38.580002,144.959045,49.927399,52.100925
08/16/21,24.5,37.060001,146.141739,49.908733,51.339184
08/17/21,23.969999,34.709999,146.093292,49.180676,50.990437
08/18/21,25.280001,34.560001,144.542175,48.713978,49.916656
08/19/21,24.16,31.99,145.521347,48.947323,48.393196
08/20/21,24.01,32.360001,146.820358,48.545963,48.40237
08/23/21,24.82,34.099998,145.850922,49.684708,50.393902
08/24/21,25.1,36,144.348312,50.226086,50.806889
08/25/21,24.35,36.330002,144.406479,50.226086,50.898666
08/26/21,24.870001,36.23,142.845673,49.591373,50.210346
08/27/21,25.709999,36.889999,142.041077,50.300751,51.183163
08/30/21,25.76,37.369999,143.184967,50.34742,50.623337
08/31/21,26.34,36.970001,143.572769,50.459435,50.035973
09/01/21,26.200001,37.41,143.262527,50.095398,49.34766
09/02/21,26.51,37.59,144.018677,50.151405,50.549919
09/03/21,26.639999,37.119999,144.687607,49.946068,50.357189
09/07/21,26.700001,37.380001,142.768143,50.07674,50.063507
09/08/21,25.58,36.389999,142.952332,50.002064,49.604622
09/09/21,26.129999,36.900002,141.944107,49.843391,49.641338
09/10/21,26.280001,36.360001,141.430328,50.254082,49.540386
09/13/21,25.83,37.73,140.625687,51.327488,50.816063
09/14/21,26.26,37.09,139.888931,50.888794,50.091038
09/15/21,27.08,37.599998,140.131287,51.448826,51.779705
09/16/21,28.629999,36.540001,140.596588,51.178143,51.229057
09/17/21,28.709999,36.970001,140.305786,50.646111,50.623337
09/20/21,26.549999,34.310001,138.376617,49.451355,49.274242
09/21/21,26.620001,34.889999,138.648056,49.34869,49.228348
09/22/21,27.43,35.34,138.328125,49.936726,50.669228
09/23/21,28.77,34.330002,138.405716,50.431431,52.385426
09/24/21,28.559999,33.720001,138.793457,50.608772,52.853477
09/27/21,27.469999,34.669998,137.901581,51.01947,54.42284
09/28/21,25.34,33.610001,136.205093,50.403427,54.991844
09/29/21,24.52,33.400002,136.146927,49.927399,54.955135
09/30/21,24.040001,34.59,135.119339,49.731377,53.982315
10/01/21,24.33,34.419998,132.86055,50.272758,55.918781
10/04/21,23.17,31.9,131.580887,49.908733,56.64381
10/05/21,23.209999,32.080002,132.44368,50.356762,56.552036
10/06/21,23.58,31.790001,133.413132,50.384754,55.514969
10/07/21,23.73,32.07,134.983612,50.571434,55.67099
10/08/21,23.5,33.029999,135.390762,50.226086,57.065975
10/11/21,23.530001,34.220001,135.264725,49.880726,56.496964
10/12/21,23.690001,36.369999,135.119339,48.695313,56.203289
10/13/21,24.129999,36.82,134.140198,48.779312,56.047264
10/14/21,24.35,36.279999,135.594345,50.310089,56.90078
10/15/21,24,36.709999,136.253555,50.83279,57.442253
10/18/21,24.26,37.02,137.348999,50.842121,57.414715
10/19/21,24.690001,37.349998,140.266983,51.532833,58.277405
10/20/21,24.219999,37.25,141.536972,51.682175,58.598621
10/21/21,24.780001,38.209999,142.322205,52.270222,57.534027
10/22/21,24.43,37.52,143.805435,46.165806,57.928658
10/25/21,25.41,39.049999,145.472855,46.119137,59.057503
10/26/21,25.52,38.209999,144.202896,45.064396,60.424953
10/27/21,25.059999,38.790001,143.020187,44.700371,58.855595
10/28/21,25.639999,40.849998,143.912064,44.877712,59.020786
10/29/21,25.879999,41.549999,144.852417,45.736446,59.167637
11/01/21,26.559999,41.290001,145.211105,46.249809,60.232224
11/02/21,25.92,39.080002,145.143234,46.539162,59.48885
11/03/21,26.120001,39.529999,145.589157,47.033863,58.672043
11/04/21,26.469999,39.580002,146.655579,47.285755,59.112572
11/05/21,26,38.380001,145.637634,47.859089,59.672398
11/08/21,26.75,38.599998,144.707001,48.45121,60.314827
11/09/21,24.25,38.259998,145.211105,48.122257,60.902184
11/10/21,22.52,36.259998,143.902374,47.708702,59.702381
11/11/21,22.99,40.950001,143.960526,47.492531,59.813984
11/12/21,22.83,39.369999,143.243134,47.285755,59.358246
11/15/21,23.41,39.57,142.419128,47.295151,59.869789
11/16/21,23.129999,40.009998,138.793457,47.567726,60.474346
11/17/21,22.49,38.639999,137.601059,47.21056,59.813984
11/18/21,21.5,39,138.783783,46.693623,59.16293
11/19/21,21.41,40.880001,138.037308,46.543243,56.428459
11/22/21,20.65,40.630001,140.354248,46.83461,57.209743
11/23/21,20.59,39.209999,141.352768,46.148491,58.716488
11/24/21,21.110001,39.240002,142.060425,46.768822,59.042015
11/26/21,21.030001,38.279999,140.470581,45.847725,56.967915
11/29/21,21.07,39.060001,138.269974,46.994389,57.284145
11/30/21,20.65,37.939999,136.331116,46.242477,55.65649
12/01/21,19.379999,36.68,132.947784,45.678551,55.609985
12/02/21,19.690001,35.220001,131.328857,46.524448,56.995811
12/03/21,18.98,32.52,133.306488,46.289478,56.633083
12/06/21,18.799999,32.939999,134.750946,47.924877,57.274849
12/07/21,19.459999,33.669998,134.314697,49.409897,57.916599
12/08/21,19.82,34.110001,132.957489,48.639187,58.084026
12/09/21,19.209999,32.900002,134.806839,47.445534,58.232841
12/10/21,18.940001,32.470001,137.269379,47.54892,58.60487
12/13/21,18.4,32.959999,139.741653,46.994389,57.32135
12/14/21,18.639999,30.98,141.075119,46.712425,57.237637
12/15/21,18.860001,31,141.882965,47.624115,56.986515
12/16/21,18.34,30.209999,139.517746,47.774498,57.079525
12/17/21,19.059999,31.860001,135.05014,47.577118,55.833202
12/20/21,17.959999,30.18,135.488144,46.618435,55.024025
12/21/21,18.9,31.860001,135.896957,47.718102,56.270348
12/22/21,18.879999,31.290001,136.072159,47.906075,56.726093
12/23/21,18.93,31.110001,135.770432,48.225647,56.753994
12/27/21,18.940001,30.959999,137.006561,48.817772,57.563171
12/28/21,18.57,30.85,138.972687,48.648594,57.377148
12/29/21,18.17,30.42,138.904572,48.71439,56.874901
12/30/21,18.690001,31.4,139.35228,48.629795,56.540077
12/31/21,18.209999,31.290001,140.831772,48.404221,56.912106
01/03/22,18.530001,31.33,140.792831,50.011429,59.097824
01/04/22,18.17,31.17,138.213501,49.945637,61.320732
01/05/22,16.959999,29.16,140.082321,50.631752,62.083401
01/06/22,16.74,29.17,139.692963,50.763336,63.543636
01/07/22,16.559999,29.780001,141.026443,50.227604,64.064499
01/10/22,16.5,29.1,140.753906,51.891201,63.683147
01/11/22,16.889999,29.51,140.354843,52.549129,66.361794
01/12/22,16.719999,29.719999,139.615082,52.389347,66.166481
01/13/22,16.01,27.76,141.590973,51.637436,65.692146
01/14/22,16.01,28.25,141.191895,52.351753,66.845459
01/18/22,14.97,27.290001,138.719635,51.468254,67.970863
01/19/22,14.56,26.4,140.101761,50.396782,67.998772
01/20/22,14.62,26.440001,137.454285,48.911762,68.147575
01/21/22,13.53,25.18,136.451767,48.911762,67.124474
01/24/22,13.4,25.610001,136.461472,48.817772,67.701141
01/25/22,13.06,25.32,133.492813,47.934277,69.691521
01/26/22,12.75,25.940001,132.130157,48.582802,68.984657
01/27/22,12.28,25.07,132.217743,45.16161,69.86824
01/28/22,12.71,25.24,133.852951,44.860844,70.017059
01/31/22,13.71,27.99,136.081909,45.885323,70.649513
02/01/22,14.2,27.790001,137.152557,46.007507,75.179047
02/02/22,13.32,26.540001,137.094162,46.533848,74.983727
02/03/22,12.45,25.77,137.230453,45.377781,74.109451
02/04/22,12.94,26.66,135.614685,45.467754,75.718498
02/07/22,12.98,26.709999,134.281219,45.62875,76.62999
02/08/22,13.15,27.34,134.310394,46.225391,74.648911
02/09/22,13.87,28.200001,134.018417,47.267143,74.291542
02/10/22,13.56,27.91,132.45137,46.272747,73.576843
02/11/22,13.13,27.6,131.721344,45.107868,75.42942
02/14/22,13.26,27.360001,130.378143,45.06052,74.272743
02/15/22,14.17,29.33,130.786942,45.874981,73.341736
02/16/22,13.97,29.549999,129.969345,45.676102,73.680283
02/17/22,11.77,29,135.176697,45.051052,73.567444
02/18/22,11.02,28.379999,134.310394,42.655022,72.74929
02/22/22,10.48,26.52,132.811493,42.323547,71.902939
02/23/22,10.43,26.629999,131.448822,42.285679,72.19445
02/24/22,11.83,29.1,130.942688,44.246059,71.282265
02/25/22,11.47,29.84,132.743378,45.18364,73.200684
02/28/22,11.85,31.66,131.555893,45.174171,73.746109
03/01/22,12.18,32.77,132.36377,44.340771,74.451416
03/02/22,12.06,31.129999,132.529236,46.282215,75.730354
03/03/22,11.34,30.58,135.57576,45.391987,76.209953
03/04/22,10.96,30.860001,139.011627,45.524578,79.078178
03/07/22,11.11,31.9,137.892288,45.15522,81.927582
03/08/22,11.04,36.400002,135.040436,44.984756,82.548241
03/09/22,11.65,37.040001,135.741241,45.107868,77.855667
03/10/22,11.87,34.919998,138.826691,44.18924,80.272491
03/11/22,11.39,33.16,138.281631,43.403191,79.858711
03/14/22,10.5,28.6,140.208832,42.048912,76.999886
03/15/22,10.77,30.68,141.8927,42.437202,72.617645
03/16/22,11.79,33.16,141.474197,44.160828,72.344917
03/17/22,12.32,33.939999,141.689117,44.643818,74.272743
03/18/22,12.82,35.080002,142.109299,44.937408,73.981209
03/21/22,12.59,35.549999,140.926987,44.880581,77.300819
03/22/22,13.27,37.209999,140.506851,45.827633,76.962273
03/23/22,13.18,36.150002,138.699203,45.713982,78.175385
03/24/22,13.39,37.189999,139.559067,48.886593,78.410484
03/25/22,12.97,35.810001,140.164856,49.085476,80.122009
03/28/22,13.42,35.669998,142.656479,48.782421,77.874458
03/29/22,14.2,36.119999,143.858276,49.483231,77.460701
03/30/22,13.88,35.099998,146.43782,48.706654,78.786644
03/31/22,13.73,35.360001,145.509598,46.935677,77.66758
04/01/22,13.83,35.82,147.551712,45.562458,78.165993
04/04/22,14.63,37.950001,147.581039,46.594738,78.203606
04/05/22,13.89,35.540001,148.001205,45.581398,77.799232
04/06/22,13,34.669998,151.440582,45.02264,78.664398
04/07/22,12.84,34.5,152.955093,45.041584,79.980965
04/08/22,12.7,33.700001,153.805161,44.530174,81.664268
04/11/22,12.66,34.02,150.756592,44.104008,78.852478
04/12/22,12.46,33.91,149.720871,44.037712,80.498177
04/13/22,12.9,34.360001,153.619522,44.520706,81.636047
04/14/22,12.42,33.509998,153.482712,43.251659,82.595276
04/18/22,12.15,33.57,152.310211,44.170296,83.272354
04/19/22,12.91,34.330002,154.039642,45.391987,82.529442
04/20/22,12.79,32.439999,155.974335,45.562458,82.717529
04/21/22,12.33,30.25,156.208817,44.984756,81.842949
04/22/22,11.96,29.530001,153.267776,44.075592,80.056183
04/25/22,12.11,28.76,153.345917,44.568062,77.357254
04/26/22,11.12,27.51,151.7435,43.109604,77.385452
04/27/22,10.56,27.780001,150.707764,42.825489,79.59539
04/28/22,10.95,28.059999,152.632629,44.359707,82.002823
04/29/22,10.4,27.52,149.486389,41.281803,80.169029
05/02/22,10.74,27.809999,148.499496,42.579258,81.259911
05/03/22,10.55,28.91,149.017365,42.673969,82.933807
05/04/22,10.98,30.51,151.079041,44.075592,86.234619
05/05/22,10.12,29.26,149.784592,42.572201,84.92746
05/06/22,9.48,28.120001,146.666122,42.285843,86.22522
05/09/22,7.46,25.690001,148.382263,41.111767,79.426125
05/10/22,7.29,25.780001,146.293472,42.009026,79.952744
05/11/22,6.71,23.299999,144.763657,40.882679,81.617256
05/12/22,7.34,22.540001,144.626358,40.892223,81.987762
05/13/22,8.34,24.34,145.185333,41.617664,84.419846
05/16/22,8.04,24.23,145.342255,41.121307,86.405403
05/17/22,8.36,26.700001,128.808472,42.381298,87.507462
05/18/22,8.01,27.26,120.061066,40.4245,86.120399
05/19/22,8.31,28.76,116.766083,40.09996,86.585915
05/20/22,8.08,29.389999,116.893555,39.756329,87.269943
05/23/22,8.01,29.139999,120.227776,40.090412,89.198517
05/24/22,7.55,30.620001,121.728172,39.775417,89.683037
05/25/22,7.96,29.190001,120.98288,40.281322,91.488091
05/26/22,8.36,30.309999,123.561989,41.503124,91.811104
05/27/22,8.85,31.299999,125.993996,42.524475,92.713631
05/31/22,8.68,32.060001,126.141106,42.400387,91.203072
06/01/22,8.46,32.25,123.022621,42.104481,92.951141
06/02/22,9.3,33.43,125.04277,42.801285,92.789635
06/03/22,8.94,33.099998,122.895142,41.417213,94.13868
06/06/22,8.98,35.610001,122.45385,41.369484,93.901161
06/07/22,9.13,35.09,120.98288,41.550854,98.204819
06/08/22,9.18,34.689999,119.933586,39.355419,99.363853
06/09/22,8.68,34.02,118.678345,38.190895,97.216782
06/10/22,8.26,32.34,119.345192,37.398628,95.440216
06/13/22,7.64,30.16,117.099503,36.052742,91.060585
06/14/22,7.82,29.370001,117.148537,36.20546,91.29808
06/15/22,8.12,29.780001,117.070076,36.892727,90.148537
06/16/22,7.67,28.23,118.286095,35.642284,86.823433
06/17/22,8.24,30.629999,116.001175,35.289116,81.816757
06/21/22,8.71,31.219999,119.806099,36.014553,86.908928
06/22/22,9.01,31.26,118.354736,35.68047,83.46981
06/23/22,9.46,32.380001,121.22805,35.709106,80.952225
06/24/22,10.19,32.380001,121.326103,36.854549,82.557785
06/27/22,9.62,33.950001,121.718376,36.873638,84.581352
06/28/22,9.31,31.84,120.002235,36.062279,86.927933
06/29/22,9.23,30.09,119.560936,35.594563,83.716827
06/30/22,9.07,31.139999,119.227516,35.709106,81.360741
07/01/22,9.27,31.120001,120.257195,34.687756,83.175316
07/05/22,10.07,30.17,121.84584,35.021835,80.57222
07/06/22,9.8,29.280001,122.708824,35.308201,79.118668
07/07/22,10.18,32.130001,122.895142,36.405914,81.64576
07/08/22,10.17,32.98,122.973595,36.262733,81.77877
07/11/22,9.56,29.58,123.022621,35.508656,81.360741
07/12/22,9.49,29.299999,122.649979,35.518196,80.277702
07/13/22,9.28,29.309999,122.944183,35.518196,80.600723
07/14/22,8.9,29.41,125.346779,35.995461,78.985664
07/15/22,9.04,29.15,126.572601,36.86409,80.31572
07/18/22,9.03,30.16,126.278404,36.949997,81.79776
07/19/22,9.34,30.76,127.053101,38.391346,83.859322
07/20/22,10.11,31.940001,128.112228,38.715889,84.780853
07/21/22,10.49,31.48,129.985245,38.763611,83.365303
07/22/22,9.84,32.200001,129.65184,37.417725,82.728798
07/25/22,9.68,33.549999,129.4655,37.379543,85.483879
07/26/22,9.4,32.25,119.619774,37.188633,85.151367
07/27/22,10.02,34.060001,124.140572,38.353161,86.994431
07/28/22,10.13,36,127.23941,37.904533,88.010963
07/29/22,10.35,36.889999,129.494919,34.659122,92.086609
08/01/22,10.47,35.810001,129.975449,35.279564,89.759041
08/02/22,10.92,36.619999,130.112717,34.372757,89.369514
08/03/22,11.2,36.27,127.974907,34.85957,86.471916
08/04/22,11.32,37.32,123.140305,34.382301,82.83329
08/05/22,11.45,38.669998,124.130768,34.121971,84.030334
08/08/22,9.82,39.119999,125.140839,34.112339,84.505356
08/09/22,9.25,39.849998,126.376465,33.283154,86.0634
08/10/22,9.59,41.919998,126.641235,34.102695,86.880432
08/11/22,9.42,40.950001,127.862534,34.314816,89.3937
08/12/22,9.91,41.900002,130.226349,34.816181,90.170715
08/15/22,9.91,41.400002,130.600632,35.037941,88.559135
08/16/22,9.74,39.93,137.268539,34.893311,87.734177
08/17/22,9.43,39.23,137.416275,34.498001,88.444031
08/18/22,9.15,45.189999,136.973068,34.902958,90.535225
08/19/22,8.51,42.009998,134.953964,34.112339,90.247452
08/22/22,8.07,44.16,132.540909,32.627514,90.180298
08/23/22,8.01,44.040001,131.979507,32.733574,94.007767
08/24/22,8.1,44.939999,132.934875,32.646797,94.564133
08/25/22,8.42,44.77,133.821304,33.639893,95.053352
08/26/22,7.94,44.549999,129.615692,32.164719,93.883049
08/29/22,7.81,44.630001,130.876419,31.759762,96.041405
08/30/22,7.79,43.5,130.482407,31.104126,92.386604
08/31/22,7.72,45.169998,130.551361,30.776308,91.69593
09/01/22,7.49,44.959999,132.452271,30.622042,90.046005
09/02/22,7.4,44.380001,130.994583,30.101389,91.69593
09/06/22,7.28,44.790001,130.344528,29.272203,91.082001
09/07/22,7.39,47.009998,133.693283,29.551813,90.305
09/08/22,7.53,43.759998,134.372849,29.64823,91.043648
09/09/22,7.79,43.02,134.776672,30.33279,92.568863
09/12/22,8.01,41.490002,135.988144,30.429207,93.633644
09/13/22,7.48,42.16,133.181107,28.240543,91.446533
09/14/22,7.63,42.419998,132.885635,28.134483,93.6912
09/15/22,8.01,40.380001,131.457489,27.806665,90.966896
09/16/22,7.78,40.139999,131.181732,28.192333,89.41288
09/19/22,7.86,40.099998,132.304535,28.385168,89.40329
09/20/22,7.62,38.119999,131.536285,27.922365,88.674263
09/21/22,7.69,38.419998,132.737915,27.449924,87.244942
09/22/22,7.37,37.380001,131.378708,27.064255,86.880432
09/23/22,7.4,36.84,128.098923,26.53396,82.256783
09/26/22,7.53,36.439999,129.330063,26.003668,80.558899
09/27/22,7.63,38.509998,128.975494,25.926535,82.247185
09/28/22,7.94,39.139999,131.102921,26.157934,85.240089
09/29/22,8.08,37.240002,130.255905,25.434807,85.067421
09/30/22,8.13,37.25,127.744354,24.846663,83.753235
10/03/22,8.24,37.900002,130.531662,26.003668,88.17543
10/04/22,8.46,38.810001,132.225739,26.707514,91.388977
10/05/22,8.42,37.25,130.915787,26.649662,95.082146
10/06/22,8.47,35.970001,129.694489,26.206142,97.902359
10/07/22,8.15,33.990002,126.621521,24.798452,96.914322
10/10/22,8.06,33.200001,127.370087,24.297089,94.81353
10/11/22,8.04,31.77,130.669556,24.142818,94.007767
10/12/22,8.07,30.48,129.192184,24.42243,94.420242
10/13/22,8.08,30.889999,130.285431,25.473372,97.720108
10/14/22,7.53,30.200001,128.463318,24.981647,95.149284
10/17/22,7.94,30.41,129.38916,25.473372,96.521034
10/18/22,8.16,31.16,132.117401,24.943081,96.693703
10/19/22,7.91,30.58,131.743118,25.068424,99.56189
10/20/22,8.04,29.790001,132.068146,25.145554,99.69619
10/21/22,8.29,30.309999,134.737289,26.003668,101.547569
10/24/22,8.27,28.790001,137.307938,26.206142,102.257416
10/25/22,8.66,29.73,137.957977,26.4279,101.566742
10/26/22,8.57,30.959999,139.011841,26.235067,102.775414
10/27/22,8.6,31.58,138.608032,25.328749,103.168724
10/28/22,8.64,31.93,140.361191,28.028425,106.190384
10/31/22,8.79,33.900002,140.183914,27.411356,106.295914
11/01/22,8.65,33.450001,139.553558,27.286013,107.351105
11/02/22,8.22,32.830002,138.627731,26.437544,105.144806
11/03/22,8.08,34.099998,138.598175,26.408617,106.574104
11/04/22,7.93,33.689999,138.844406,27.556822,107.73481
11/07/22,7.02,32.439999,140.302094,27.762032,109.01062
11/08/22,7.21,34.630001,140.636963,27.830433,109.355965
11/09/22,6.98,34.990002,137.36702,26.892328,104.463722
11/10/22,7.64,37.02,140.213455,29.081238,105.998543
11/11/22,8.41,36.18,140.430145,29.73596,109.307983
11/14/22,8.1,35.73,136.303299,29.657782,109.627106
11/15/22,8.34,36.75,145.216858,30.009573,110.362
11/16/22,8.06,36.5,146.260864,28.856485,109.182289
11/17/22,7.62,36.720001,145.768387,29.208277,109.327339
11/18/22,7.39,36.209999,147.964767,29.188732,108.3797
11/21/22,7.19,36.610001,148.870911,28.279942,107.306335
11/22/22,7.22,36.049999,149.402771,29.13987,110.410362
11/23/22,7.37,37.009998,150.12175,28.993294,109.859177
11/25/22,7.28,35.75,150.761963,28.670818,109.472389
11/28/22,7.16,34,151.195328,28.074732,106.184631
11/29/22,7.08,33.82,150.663483,28.240854,106.890533
11/30/22,7.5,35.849998,150.12175,29.384169,107.664124
12/01/22,7.86,34.650002,151.057434,29.149643,107.141953
12/02/22,7.66,36.560001,150.909698,28.739222,106.232979
12/05/22,7.19,36.240002,149.363373,28.504696,103.322365
12/06/22,6.99,33.950001,147.629913,27.947697,100.450409
12/07/22,7.07,33.549999,146.861679,27.683853,100.22802
12/08/22,7.12,33.16,147.089066,27.791348,100.972588
12/09/22,7.11,33.330002,143.658493,27.595907,100.121643
12/12/22,7.29,33.459999,146.337708,28.035646,102.587448
12/13/22,7.5,34.040001,145.813721,28.074732,103.709152
12/14/22,7.35,35.200001,145.003036,27.61545,102.945236
12/15/22,7.01,34.82,143.707932,26.530769,101.958916
12/16/22,6.9,34.110001,141.127594,26.306013,101.24334
12/19/22,6.35,33.189999,141.177032,26.178978,101.697823
12/20/22,6.31,32.34,142.412811,25.836964,103.167641
12/21/22,6.5,33.66,143.529968,26.218065,104.492416
12/22/22,6.32,31.959999,141.849289,25.37768,102.384384
12/23/22,6.29,31.02,142.136002,25.494944,105.091942
12/27/22,6,30.040001,142.175537,25.348366,106.552094
12/28/22,6.07,29.4,139.684189,24.957489,104.801842
12/29/22,6.4,30.43,140.534409,25.612206,105.594772
12/30/22,6.42,30.9,140.178497,25.82719,106.658455
01/03/23,6.39,30.299999,141.967941,26.120346,102.993591
01/04/23,6.58,32.189999,142.126114,27.048679,103.29335
01/05/23,6.32,31.77,141.641693,26.931416,105.604446
01/06/23,6.4,36.150002,145.111801,28.074732,106.880859
01/09/23,6.5,38.57,143.302597,28.6415,104.888878
01/10/23,6.7,42.049999,143.213608,28.768539,106.455383
01/11/23,6.98,42.869999,144.469177,29.169186,107.693138
01/12/23,7.01,43.18,143.164185,29.59915,109.482048
01/13/23,6.96,43,143.638718,29.42326,109.41436
01/17/23,7.07,41.700001,142.768723,28.924889,109.201637
01/18/23,6.9,41.34,139.239304,28.152905,106.958221
01/19/23,6.73,40.91,137.252151,27.771803,107.644783
01/20/23,7.02,41.889999,138.942703,28.553555,109.607758
01/23/23,7.38,42.68,141.018845,29.579609,109.037247
01/24/23,7.02,42.599998,141.394531,29.237593,110.052574
01/25/23,7.22,41.849998,140.722244,29.02261,109.472389
01/26/23,7.24,41,140.593735,29.403713,113.872162
01/27/23,7.55,40.849998,141.671356,27.517731,111.793144
01/30/23,7.37,39.91,140.534409,27.312523,109.810822
01/31/23,7.78,42.07,142.234863,27.61545,112.179955
02/01/23,8.2,42.029999,143.025772,28.406979,110.951866
02/02/23,8.99,41.900002,141.987701,29.501432,107.4804
02/03/23,8.41,40.630001,140.099426,29.628466,108.224968
02/06/23,8.31,40.549999,139.081116,28.377258,108.04126
02/07/23,8.33,40.110001,139.377701,28.73333,111.125923
02/08/23,8.22,39.689999,138.626358,27.932161,110.158943
02/09/23,7.95,40.099998,139.911591,27.427719,110.574738
02/10/23,7.51,40.32,142.086563,27.496958,115.235619
02/13/23,7.61,40.43,144.251694,28.238781,114.787384
02/14/23,9.22,39.490002,143.836456,28.327801,113.442673
02/15/23,10.11,41.610001,144.90419,28.535513,113.101616
02/16/23,9.71,39.799999,142.63031,27.892599,112.770317
02/17/23,9.2,38.939999,144.775665,27.309029,108.434113
02/21/23,8.47,36.990002,145.655548,25.775925,108.326935
02/22/23,8.36,37.5,142.600662,25.192358,106.923759
02/23/23,8.17,38.169998,140.475082,25.33083,107.907928
02/24/23,8.09,37.549999,140.850769,24.865953,107.917671
02/27/23,8.03,39.27,139.832474,24.628569,107.722794
02/28/23,7.84,39.75,140.514648,24.658241,107.099167
03/01/23,7.69,41.77,138.557129,25.053883,108.0541
03/02/23,7.97,40.889999,138.903168,25.914398,108.551056
03/03/23,8.33,41.75,139.071228,26.112219,109.924995
03/06/23,8.28,42.709999,139.051468,25.706688,110.899422
03/07/23,8.28,42.560001,137.667374,25.251701,108.755676
03/08/23,8.13,42.599998,136.530457,25.696796,107.167366
03/09/23,7.69,41.41,135.611023,26.151785,106.339096
03/10/23,7.35,39.25,135.413284,26.923279,105.023628
03/13/23,7.87,39.200001,135.808731,26.656223,103.815338
03/14/23,7.89,39.57,136.530457,27.704668,104.205109
03/15/23,7.9,38.110001,138.052933,28.100307,99.021172
03/16/23,7.98,36.720001,137.268707,29.851013,98.446251
03/17/23,7.88,35.029999,138.380524,29.485046,97.28669
03/20/23,8.08,35.860001,139.869553,28.842133,99.829933
03/21/23,8.45,41.25,139.393066,28.149763,104.302559
03/22/23,8.21,37.740002,138.499649,27.82336,101.915207
03/23/23,8.33,38.450001,139.621384,28.713551,100.765396
03/24/23,8.2,38.619999,140.762985,29.039953,100.882317
03/27/23,8.04,38.720001,143.115646,28.861916,103.094269
03/28/23,8,37.869999,142.559738,28.970718,104.380508
03/29/23,8.22,39.099998,143.175201,31.176407,106.173447
03/30/23,8.15,39.360001,144.60466,31.740194,106.689896
03/31/23,8.45,39.810001,146.371643,32.313866,106.855553
04/03/23,8.38,39.919998,147.602585,32.531471,113.160088
04/04/23,8.35,39.450001,146.153259,32.739182,112.078468
04/05/23,7.98,38.32,148.575424,32.47213,113.998093
04/06/23,8.09,37.900002,149.697144,32.452347,112.107712
04/10/23,8.39,38.77,149.409271,32.165508,111.610748
04/11/23,8.61,38.849998,148.972504,31.997356,112.400024
04/12/23,8.33,37.880001,148.247818,31.670958,112.283112
04/13/23,8.58,39.02,148.396744,31.779758,112.809296
04/14/23,8.81,38.389999,147.394119,31.542372,113.08213
04/17/23,8.8,40.75,148.426529,31.789648,111.766655
04/18/23,8.73,40.93,148.754105,31.483028,113.949379
04/19/23,8.49,39.880001,148.912933,30.81044,113.588829
04/20/23,8.15,40.299999,149.865906,30.523603,112.682617
04/21/23,8.18,39.830002,150.620346,29.969706,113.043159
04/24/23,8.1,40.02,151.642807,29.336683,115.177139
04/25/23,7.74,39.110001,150.461533,28.565184,113.540108
04/26/23,7.74,37.59,149.806351,28.73333,112.497482
04/27/23,7.82,37.639999,150.272919,29.534502,113.842194
04/28/23,7.75,37.419998,149.865906,30.72142,115.313568
05/01/23,7.78,36.93,150.481369,29.969706,111.737419
05/02/23,7.59,36.07,150.074356,29.445484,107.284302
05/03/23,7.56,36.169998,149.518463,30.315891,105.169792
05/04/23,7.38,35.860001,149.936981,31.025993,103.328133
05/05/23,7.41,37.220001,151.232376,30.777704,105.900612
05/08/23,7.74,37.07,152.179016,30.559214,106.319618
05/09/23,9.55,36.060001,152.43808,29.893803,106.348846
05/10/23,9.94,36.57,152.009613,29.764692,104.984657
05/11/23,9.88,36.799999,152.577591,28.662298,103.084518
05/12/23,9.5,36.009998,152.527771,28.751682,103.074783
05/15/23,9.52,35.360001,151.341995,29.595856,103.271355
05/16/23,9.47,36.130001,149.24942,29.019831,100.765007
05/17/23,10.25,38.720001,149.000305,28.672228,103.025635
05/18/23,11.74,40.18,150.933441,29.476679,103.959366
05/19/23,11.71,40.209999,149.378967,29.724968,104.440987
05/22/23,11.84,42.32,148.063629,30.072569,103.173065
05/23/23,12.64,43.290001,147.784622,29.307846,104.578583
05/24/23,12.23,43.259998,147.10704,28.801338,105.748207
05/25/23,12.84,42.799999,145.642258,27.212297,103.851257
05/26/23,13.65,43.560001,145.901321,28.801338,103.173065
05/30/23,14.71,43.400002,145.542603,29.784555,102.25898
05/31/23,14.71,41.799999,146.349731,31.224623,100.430824
06/01/23,14.54,40.48,146.887817,30.916746,101.590622
06/02/23,14.52,39.549999,148.292831,31.095514,103.949547
06/05/23,15.24,40.049999,149.269363,29.655447,103.487587
06/06/23,15.46,39.880001,149.24942,30.74791,104.332863
06/07/23,14.69,39.310001,149.468643,31.06572,106.672127
06/08/23,15.19,38.240002,151.630951,31.602018,106.337944
06/09/23,15.02,37.669998,152.547699,31.125307,105.551643
06/12/23,15.65,37.549999,153.554123,32.843456,104.598244
06/13/23,16,37.119999,154.749878,33.677704,104.617905
06/14/23,15.91,37.369999,156.314301,35.336262,103.359818
06/15/23,16.6,39.549999,157.171265,35.574619,104.077316
06/16/23,16.299999,41.32,154.97905,36.120846,103.330322
06/20/23,15.79,38.740002,153.613907,34.760239,100.961578
06/21/23,14.64,38.060001,153.912857,32.674625,102.091896
06/22/23,14.05,38.84,155.198273,32.485924,101.531654
06/23/23,14.03,36.939999,154.909317,32.773937,100.647057
06/26/23,13.94,36.310001,154.500763,33.111607,102.5047
06/27/23,14.61,36.369999,153.942749,33.866402,102.760262
06/28/23,15.28,37.34,154.77977,33.340031,103.595703
06/29/23,15.2,36.900002,153.73349,32.684551,104.873444
06/30/23,15.33,38.689999,156.623199,33.210922,105.414032
07/03/23,15.52,38.32,157.639587,33.389687,105.620438
07/05/23,15.7,37.580002,157.549911,32.287292,105.079857
07/06/23,15.13,37.169998,156.553467,31.750992,101.158157
07/07/23,15.34,36.84,152.946289,31.631815,101.394058
07/10/23,16.299999,38.419998,154.33136,32.515717,102.897858
07/11/23,16.49,37.349998,154.102173,33.07188,104.155945
07/12/23,16.59,38.470001,154.490784,33.747223,104.667038
07/13/23,16.74,38.240002,153.584015,33.637974,102.750427
07/14/23,16.4,36.939999,154.112137,32.922909,99.212051
07/17/23,17.4,38.080002,154.301468,34.134552,99.644516
07/18/23,18.08,37.419998,154.022461,34.26366,99.19239
07/19/23,18.049999,37.490002,154.072281,34.22393,99.880417
07/20/23,17.129999,37.610001,156.92215,33.141399,101.639778
07/21/23,16.43,37.580002,157.80899,33.786953,102.111557
07/24/23,16.32,37.709999,158.735703,33.399624,103.713646
07/25/23,16.549999,37.389999,158.606155,33.866402,103.870911
07/26/23,16.43,36.82,159.174149,34.124619,103.291
07/27/23,16.15,36.259998,158.596207,34.313316,103.615356
07/28/23,17.809999,36.599998,159.343552,36.577702,102.376938
07/31/23,19.84,36.16,159.293716,35.52496,105.404205
08/01/23,19.99,35.970001,158.546371,35.554752,104.794823
08/02/23,18.969999,35.09,158.655991,34.154415,103.487587
08/03/23,18.709999,34.549999,158.695831,34.631123,105.286263
08/04/23,18.200001,34.599998,157.779099,35.02483,105.581123
08/07/23,17.99,34.23,159.921494,35.114536,105.364883
08/08/23,17.040001,33.970001,160.080917,34.905224,105.885818
08/09/23,15.25,34.549999,160.339996,34.167648,107.684486
08/10/23,15.41,34.119999,160.259995,34.566338,108.234901
08/11/23,15.41,32.82,161.199997,34.77565,109.915634
08/14/23,15.72,33.16,160,35.563061,110.004089
08/15/23,15.37,32.110001,159.179993,34.656044,107.179916
08/16/23,15.45,31.719999,159.259995,33.420105,105.376404
08/17/23,14.15,31.1,155.690002,32.473225,107.41774
08/18/23,14.4,30.75,157.929993,32.642666,109.042877
08/21/23,14.5,30.76,157.509995,33.031387,107.72493
08/22/23,14.67,26.790001,157.009995,32.782204,107.120453
08/23/23,15.3,26.889999,158.100006,33.868633,106.17907
08/24/23,14.14,26.02,156.889999,32.483189,105.386314
08/25/23,14.53,26.1,157.820007,33.141026,107.269096
08/28/23,14.64,26.370001,158.720001,33.509811,108.170853
08/29/23,15.4,27.65,160.050003,34.197552,108.814957
08/30/23,16.33,28.290001,161.199997,34.416828,109.875259
08/31/23,14.98,28.01,162.610001,35.02483,110.182457
09/01/23,15.18,28.290001,161.570007,36.490013,112.491341
09/05/23,15.21,28.01,160.270004,36.589684,112.501251
09/06/23,15.3,27.209999,161.470001,36.858799,113.472374
09/07/23,15.21,25.92,163.470001,38.054867,112.917442
09/08/23,15.13,26.25,163.770004,37.885422,114.562408
09/11/23,15.79,26.35,164.339996,38.463524,113.125549
09/12/23,15.59,27.469999,164.520004,38.732639,116.425369
09/13/23,15.6,27.129999,164.559998,38.58313,115.384888
09/14/23,15.83,27.860001,165.25,38.543259,117.44603
09/15/23,15.33,27.34,164.639999,37.755852,115.642525
09/18/23,15.46,26.68,163.419998,37.865494,116.574013
09/19/23,15.15,26.84,163.380005,36.220898,116.266823
09/20/23,14.74,26.51,163.910004,34.576305,115.345245
09/21/23,14,26.17,161.919998,34.536438,113.720108
09/22/23,14.13,25.809999,162.350006,34.067978,113.898476
09/25/23,14.22,25.200001,163.070007,34.17762,115.176788
09/26/23,13.96,25.139999,162.5,33.719128,115.355156
09/27/23,14.85,24.950001,161.720001,34.496571,119.110809
09/28/23,15.77,24.790001,162.539993,35.064701,118.387428
09/29/23,16,24.610001,159.929993,35.433487,116.514557
10/02/23,15.88,23.25,160.100006,35.343781,114.582222
10/03/23,14.9,22.450001,159.089996,35.573029,114.780411
10/04/23,15.73,21.879999,161,35.812244,110.489647
10/05/23,15.81,21.540001,159.080002,35.772373,108.002388
10/06/23,16.610001,21.889999,156.410004,36.071388,106.198883
10/09/23,17.610001,22.209999,155.839996,35.941818,109.914902
10/10/23,17.799999,23.51,157.600006,36.310604,109.449158
10/11/23,17.92,23.559999,158.229996,36.759129,105.52504
10/12/23,17.940001,22.66,158.949997,36.719261,105.505226
10/13/23,17.360001,22.32,159.830002,35.852112,108.87442
10/16/23,17.360001,22.65,161.210007,36.440178,108.95369
10/17/23,17.84,22.83,161.419998,35.941818,110.380646
10/18/23,17.200001,22.190001,161.539993,35.523193,111.926506
10/19/23,17.059999,21.77,160.770004,35.553093,111.995872
10/20/23,16.110001,20.68,158.759995,34.80555,110.073456
10/23/23,16.200001,20.83,161.009995,33.739059,108.458221
10/24/23,16.639999,20.969999,163.25,34.476635,107.407829
10/25/23,15.59,20.41,162.759995,32.722404,107.60601
10/26/23,15.29,20.209999,161.770004,32.413418,106.624985
10/27/23,15.07,19.209999,161.169998,35.423523,104.593567
10/30/23,14.69,19.450001,163.020004,35.573029,104.92057
10/31/23,14.8,19.98,163.410004,36.380375,104.890846
11/01/23,14.92,19.440001,164.869995,37.167786,104.682747
11/02/23,17.969999,21.07,165.520004,37.576443,108.121307
11/03/23,18.889999,21.639999,164.660004,38.014999,106.803352
11/06/23,18.540001,21.559999,164.880005,37.950001,104.910667
11/07/23,18.799999,21.700001,165.649994,38.77,103.265701
11/08/23,18.49,20.809999,164.300003,37.919998,101.997307
11/09/23,18.27,21.059999,163.919998,37.799999,102.027031
11/10/23,19.67,21.07,166.190002,38.860001,102.809875
11/13/23,19.709999,20.969999,167.679993,38.23,103.889992
11/14/23,19.940001,21.58,167.649994,39.41,104.290001
11/15/23,19.950001,20.549999,169.779999,40.610001,103.660004
11/16/23,19.77,20.51,156.039993,43.349998,102.459999
11/17/23,20.49,20.450001,155.350006,43.810001,104.959999
11/20/23,21.34,20.809999,155.300003,44.740002,104.5
11/21/23,19.799999,20.620001,155.860001,43.639999,104.459999
11/22/23,19.690001,20.98,154.669998,43.669998,104.010002
11/24/23,19.200001,20.879999,156.059998,43.959999,104.57
